{
    "input_file": "./Data/kbr/kbr_es_heart.csl",
    "timestamp": "2023-11-13 17:15:22.050583",
    "timings": {
        "load_data": 0.022914648056030273,
        "get_datasets": 0.00021696090698242188,
        "train": {
            "0": 44.7180871963501,
            "1": 57.98693823814392,
            "2": 142.24681115150452,
            "3": 149.67903542518616,
            "4": 238.68174862861633,
            "5": 311.04468297958374
        },
        "meshing": {
            "0": 75.42464995384216,
            "1": 72.88455724716187,
            "2": 70.71875190734863,
            "3": 72.91895937919617,
            "4": 72.05475234985352,
            "5": 71.27012157440186
        },
        "total_train": 1393.013132572174,
        "last_meshing": 599.0230150222778,
        "main": 2002.3434953689575
    },
    "dataset_size": {
        "0": 53752,
        "1": 53752,
        "2": 56052,
        "3": 56052,
        "4": 58352,
        "5": 60652
    },
    "n_slices": 16,
    "n_edges": 575,
    "dc_0_labels": [
        -18.25705985173912,
        46.19180187515386
    ],
    "dc_1_labels": [
        -14.761602844546793,
        38.7372555042983
    ],
    "dc_2_labels": [
        -13.865893791161517,
        40.31730314023812
    ],
    "dc_3_labels": [
        -13.723003522642559,
        47.8175241849287
    ],
    "dc_4_labels": [
        -13.087237605434806,
        52.60765663886103
    ],
    "dc_5_labels": [
        -12.159313985826028,
        55.59284466157849
    ],
    "last_loss_BCE": 2.984637507699975e-06,
    "last_loss_eikonal_hinge": 2.0259034773517367e-07,
    "last_loss_total": 3.1872278554351484e-06,
    "dc_last_labels": [
        -12.160435359913857,
        55.594021601661595
    ]
}